stat,value
count,6.0
mean coverage score,0.8889999999999999
pass rate,0.6666666666666666
std,0.1719604605716093
min,0.667
25%,0.7502500000000001
50%,1.0
75%,1.0
max,1.0
