stat,value
count,89.0
mean coverage score,0.4969775280898876
pass rate,0.42696629213483145
std,0.43516015801729635
min,0.0
25%,0.0
50%,0.5
75%,1.0
max,1.0
