stat,value
count,82.0
mean coverage score,0.5841951219512196
pass rate,0.4878048780487805
std,0.4048699665972448
min,0.0
25%,0.2
50%,0.667
75%,1.0
max,1.0
