stat,value
count,89.0
mean coverage score,0.5216741573033709
pass rate,0.43820224719101125
std,0.43275141865428146
min,0.0
25%,0.0
50%,0.5
75%,1.0
max,1.0
