stat,value
count,89.0
mean coverage score,0.2799887640449438
pass rate,0.16853932584269662
std,0.3443852393093189
min,0.0
25%,0.0
50%,0.125
75%,0.5
max,1.0
