stat,value
count,82.0
mean coverage score,0.22267073170731708
pass rate,0.15853658536585366
std,0.3693373129508168
min,0.0
25%,0.0
50%,0.0
75%,0.45825
max,1.0
