stat,value
count,82.0
mean coverage score,0.18552439024390244
pass rate,0.08536585365853659
std,0.3080729521431835
min,0.0
25%,0.0
50%,0.0
75%,0.271
max,1.0
