stat,value
count,82.0
mean coverage score,0.32546341463414635
pass rate,0.21951219512195122
std,0.3973105634515292
min,0.0
25%,0.0
50%,0.0835
75%,0.65025
max,1.0
