stat,value
count,89.0
mean coverage score,0.5998314606741574
pass rate,0.449438202247191
std,0.3838810846874286
min,0.0
25%,0.25
50%,0.667
75%,1.0
max,1.0
