stat,value
count,89.0
mean coverage score,0.26048314606741574
pass rate,0.16853932584269662
std,0.363410959219585
min,0.0
25%,0.0
50%,0.0
75%,0.5
max,1.0
