stat,value
count,89.0
mean coverage score,0.06919101123595506
pass rate,0.02247191011235955
std,0.17740246208733293
min,0.0
25%,0.0
50%,0.0
75%,0.0
max,1.0
