stat,value
count,89.0
mean coverage score,0.18196629213483145
pass rate,0.14606741573033707
std,0.33929075254117835
min,0.0
25%,0.0
50%,0.0
75%,0.125
max,1.0
