stat,value
count,89.0
mean coverage score,0.646561797752809
pass rate,0.550561797752809
std,0.4049689369416381
min,0.0
25%,0.25
50%,0.875
75%,1.0
max,1.0
