stat,value
count,89.0
mean coverage score,0.09780898876404492
pass rate,0.02247191011235955
std,0.18928753238997004
min,0.0
25%,0.0
50%,0.0
75%,0.167
max,0.75
