stat,value
count,89.0
mean coverage score,0.21515730337078653
pass rate,0.12359550561797752
std,0.3347056678118446
min,0.0
25%,0.0
50%,0.0
75%,0.375
max,1.0
