stat,value
count,82.0
mean coverage score,0.43947560975609756
pass rate,0.4268292682926829
std,0.4703580518377845
min,0.0
25%,0.0
50%,0.125
75%,1.0
max,1.0
