stat,value
count,82.0
mean coverage score,0.2880243902439025
pass rate,0.2073170731707317
std,0.4067290472984322
min,0.0
25%,0.0
50%,0.0
75%,0.575
max,1.0
