stat,value
count,89.0
mean coverage score,0.47398876404494383
pass rate,0.3258426966292135
std,0.3924887808003394
min,0.0
25%,0.0
50%,0.5
75%,0.875
max,1.0
