stat,value
count,89.0
mean coverage score,0.24152808988764046
pass rate,0.12359550561797752
std,0.32945209645877616
min,0.0
25%,0.0
50%,0.0
75%,0.5
max,1.0
