stat,value
count,89.0
mean coverage score,0.5996516853932584
pass rate,0.47191011235955055
std,0.38875036103823035
min,0.0
25%,0.3
50%,0.667
75%,1.0
max,1.0
