stat,value
count,82.0
mean coverage score,0.5171097560975609
pass rate,0.3170731707317073
std,0.3727782581913633
min,0.0
25%,0.167
50%,0.5
75%,0.89375
max,1.0
