stat,value
count,89.0
mean coverage score,0.2661123595505618
pass rate,0.12359550561797752
std,0.3272445720850722
min,0.0
25%,0.0
50%,0.083
75%,0.5
max,1.0
