stat,value
count,89.0
mean coverage score,0.32124719101123594
pass rate,0.20224719101123595
std,0.376622830407379
min,0.0
25%,0.0
50%,0.167
75%,0.667
max,1.0
