stat,value
count,3.0
mean coverage score,0.26666666666666666
pass rate,0.3333333333333333
std,0.46188021535170065
min,0.0
25%,0.0
50%,0.0
75%,0.4
max,0.8
