stat,value
count,89.0
mean coverage score,0.7112359550561798
pass rate,0.6741573033707865
std,0.3949845227828528
min,0.0
25%,0.333
50%,1.0
75%,1.0
max,1.0
