stat,value
count,89.0
mean coverage score,0.04384269662921349
pass rate,0.0
std,0.12880816416781168
min,0.0
25%,0.0
50%,0.0
75%,0.0
max,0.667
