stat,value
count,89.0
mean coverage score,0.46080898876404497
pass rate,0.39325842696629215
std,0.4379162403412868
min,0.0
25%,0.0
50%,0.375
75%,1.0
max,1.0
