stat,value
count,89.0
mean coverage score,0.5120449438202247
pass rate,0.40449438202247191
std,0.44726745888258057
min,0.0
25%,0.0
50%,0.5
75%,1.0
max,1.0
