stat,value
count,89.0
mean coverage score,0.13804494382022472
pass rate,0.07865168539325842
std,0.2868670863480618
min,0.0
25%,0.0
50%,0.0
75%,0.111
max,1.0
