stat,value
count,89.0
mean coverage score,0.018820224719101122
pass rate,0.0
std,0.08784678834582514
min,0.0
25%,0.0
50%,0.0
75%,0.0
max,0.5
