stat,value
count,89.0
mean coverage score,0.040168539325842696
pass rate,0.0
std,0.11472796242684219
min,0.0
25%,0.0
50%,0.0
75%,0.0
max,0.5
