stat,value
count,89.0
mean coverage score,0.3277528089887641
pass rate,0.19101123595505617
std,0.3541076903769041
min,0.0
25%,0.0
50%,0.25
75%,0.625
max,1.0
