stat,value
count,82.0
mean coverage score,0.6589634146341463
pass rate,0.5121951219512195
std,0.3617346222254533
min,0.0
25%,0.3435
50%,0.75
75%,1.0
max,1.0
