stat,value
count,89.0
mean coverage score,0.30658426966292135
pass rate,0.23595505617977527
std,0.39952485441484015
min,0.0
25%,0.0
50%,0.0
75%,0.6
max,1.0
