stat,value
count,82.0
mean coverage score,0.38540243902439025
pass rate,0.32926829268292684
std,0.4353969342615404
min,0.0
25%,0.0
50%,0.05
75%,0.9155
max,1.0
